,CorrelationWithTarget
AVProductStatesIdentifier,0.11134804008302938
IsProtected,0.06520743950282508
Census_TotalPhysicalRAM,0.05914684454693323
Census_PrimaryDiskTotalCapacity,0.054557690720667296
Census_ProcessorCoreCount,0.05093368098731779
Wdft_IsGamer,0.04797999320637213
RtpStateBitfield,0.031184279934256952
Census_InternalPrimaryDiagonalDisplaySizeInInches,0.02998806755620779
LocaleEnglishNameIdentifier,0.026583655913206182
Census_OEMModelIdentifier,0.02620596788910074
Census_InternalBatteryNumberOfCharges,0.023366892281422254
Census_OSBuildNumber,0.022801774806003164
Census_InternalPrimaryDisplayResolutionHorizontal,0.017848700788408386
OsBuild,0.015204427723453049
Census_SystemVolumeTotalCapacity,0.014633950720902218
IeVerIdentifier,0.011385493843106559
Census_HasOpticalDiskDrive,0.011186465686477043
UacLuaenable,0.010800665739946641
GeoNameIdentifier,0.0061781048208909405
OrganizationIdentifier,0.006175097551625704
Census_OSInstallLanguageIdentifier,0.00573748248561254
Census_OSUILocaleIdentifier,0.004935320776274396
Census_InternalPrimaryDisplayResolutionVertical,0.004252805555988853
Census_ProcessorModelIdentifier,0.003859230373365198
Firewall,0.002066586956358664
CountryIdentifier,0.0005371222243548218
Census_IsPenCapable,-0.003003522141536143
Census_FirmwareVersionIdentifier,-0.0034835441764097894
Wdft_RegionIdentifier,-0.0036948753637339815
Census_IsSecureBootEnabled,-0.006436681506485571
Census_OEMNameIdentifier,-0.0068267068398120264
HasTpm,-0.007531145552514224
Census_ProcessorManufacturerIdentifier,-0.008676966652011588
Census_OSBuildRevision,-0.009013024382620288
Census_IsPortableOperatingSystem,-0.009382633570043883
CityIdentifier,-0.020627454628409723
IsSxsPassiveMode,-0.021010867846603335
SMode,-0.02112984238640062
Census_FirmwareManufacturerIdentifier,-0.02298859283360402
DefaultBrowsersIdentifier,-0.023803478848159382
OsSuite,-0.029755664212788926
AVProductsEnabled,-0.03634276960122798
Census_IsTouchEnabled,-0.05338541718064476
Census_IsAlwaysOnAlwaysConnectedCapable,-0.055847242738067224
Census_IsVirtualDevice,-0.058458636877849184
AVProductsInstalled,-0.1389685642607824
AutoSampleOptIn,
Census_IsFlightingInternal,
Census_IsFlightsDisabled,
Census_IsWIMBootEnabled,
Census_ThresholdOptIn,
IsBeta,
