Feature,Imputation Strategy
RtpStateBitfield,mean
DefaultBrowsersIdentifier,mean
AVProductStatesIdentifier,median
AVProductsInstalled,median
AVProductsEnabled,mean
CityIdentifier,mean
OrganizationIdentifier,mean
GeoNameIdentifier,mean
OsBuildLab,mode
IsProtected,mean
PuaMode,mode
SMode,mean
IeVerIdentifier,mean
SmartScreen,mode
Firewall,mean
UacLuaenable,mean
Census_OEMNameIdentifier,mean
Census_OEMModelIdentifier,mean
Census_ProcessorCoreCount,mean
Census_ProcessorManufacturerIdentifier,mean
Census_ProcessorModelIdentifier,mean
Census_ProcessorClass,mode
Census_PrimaryDiskTotalCapacity,mean
Census_PrimaryDiskTypeName,mode
Census_SystemVolumeTotalCapacity,mean
Census_TotalPhysicalRAM,mean
Census_ChassisTypeName,mode
Census_InternalPrimaryDiagonalDisplaySizeInInches,mean
Census_InternalPrimaryDisplayResolutionHorizontal,mean
Census_InternalPrimaryDisplayResolutionVertical,mean
Census_InternalBatteryType,mode
Census_InternalBatteryNumberOfCharges,mean
Census_OSInstallLanguageIdentifier,mean
Census_IsFlightingInternal,mean
Census_IsFlightsDisabled,mean
Census_ThresholdOptIn,mean
Census_FirmwareManufacturerIdentifier,mean
Census_FirmwareVersionIdentifier,mean
Census_IsWIMBootEnabled,mean
Census_IsVirtualDevice,mean
Census_IsAlwaysOnAlwaysConnectedCapable,mean
Wdft_IsGamer,mean
Wdft_RegionIdentifier,mean
