,missing_values,missing_percentage
MachineIdentifier,0,0.0
ProductName,0,0.0
EngineVersion,0,0.0
AppVersion,0,0.0
AvSigVersion,0,0.0
IsBeta,0,0.0
RtpStateBitfield,361,0.361
IsSxsPassiveMode,0,0.0
DefaultBrowsersIdentifier,95110,95.11
AVProductStatesIdentifier,393,0.393
AVProductsInstalled,393,0.393
AVProductsEnabled,393,0.393
HasTpm,0,0.0
CountryIdentifier,0,0.0
CityIdentifier,3615,3.615
OrganizationIdentifier,30664,30.664
GeoNameIdentifier,1,0.001
LocaleEnglishNameIdentifier,0,0.0
Platform,0,0.0
Processor,0,0.0
OsVer,0,0.0
OsBuild,0,0.0
OsSuite,0,0.0
OsPlatformSubRelease,0,0.0
OsBuildLab,1,0.001
SkuEdition,0,0.0
IsProtected,391,0.391
AutoSampleOptIn,0,0.0
PuaMode,99969,99.969
SMode,5932,5.9319999999999995
IeVerIdentifier,665,0.6649999999999999
SmartScreen,35731,35.731
Firewall,1076,1.076
UacLuaenable,116,0.116
Census_MDC2FormFactor,0,0.0
Census_DeviceFamily,0,0.0
Census_OEMNameIdentifier,1054,1.054
Census_OEMModelIdentifier,1147,1.147
Census_ProcessorCoreCount,476,0.47600000000000003
Census_ProcessorManufacturerIdentifier,476,0.47600000000000003
Census_ProcessorModelIdentifier,477,0.477
Census_ProcessorClass,99573,99.57300000000001
Census_PrimaryDiskTotalCapacity,610,0.61
Census_PrimaryDiskTypeName,161,0.161
Census_SystemVolumeTotalCapacity,610,0.61
Census_HasOpticalDiskDrive,0,0.0
Census_TotalPhysicalRAM,921,0.9209999999999999
Census_ChassisTypeName,6,0.006
Census_InternalPrimaryDiagonalDisplaySizeInInches,530,0.53
Census_InternalPrimaryDisplayResolutionHorizontal,529,0.529
Census_InternalPrimaryDisplayResolutionVertical,529,0.529
Census_PowerPlatformRoleName,0,0.0
Census_InternalBatteryType,71240,71.24000000000001
Census_InternalBatteryNumberOfCharges,3049,3.049
Census_OSVersion,0,0.0
Census_OSArchitecture,0,0.0
Census_OSBranch,0,0.0
Census_OSBuildNumber,0,0.0
Census_OSBuildRevision,0,0.0
Census_OSEdition,0,0.0
Census_OSSkuName,0,0.0
Census_OSInstallTypeName,0,0.0
Census_OSInstallLanguageIdentifier,682,0.6819999999999999
Census_OSUILocaleIdentifier,0,0.0
Census_OSWUAutoUpdateOptionsName,0,0.0
Census_IsPortableOperatingSystem,0,0.0
Census_GenuineStateName,0,0.0
Census_ActivationChannel,0,0.0
Census_IsFlightingInternal,83163,83.163
Census_IsFlightsDisabled,1813,1.813
Census_FlightRing,0,0.0
Census_ThresholdOptIn,63738,63.73799999999999
Census_FirmwareManufacturerIdentifier,2088,2.088
Census_FirmwareVersionIdentifier,1833,1.833
Census_IsSecureBootEnabled,0,0.0
Census_IsWIMBootEnabled,63659,63.659
Census_IsVirtualDevice,185,0.185
Census_IsTouchEnabled,0,0.0
Census_IsPenCapable,0,0.0
Census_IsAlwaysOnAlwaysConnectedCapable,843,0.843
Wdft_IsGamer,3415,3.415
Wdft_RegionIdentifier,3415,3.415
HasDetections,0,0.0
